{"stats":{"minecraft:killed":{"minecraft:salmon":8,"minecraft:cow":2},"minecraft:custom":{"minecraft:time_since_rest":9375,"minecraft:interact_with_furnace":12,"minecraft:sprint_one_cm":46055,"minecraft:damage_taken":100,"minecraft:walk_one_cm":54411,"minecraft:mob_kills":10,"minecraft:drop":1,"minecraft:animals_bred":1,"minecraft:damage_dealt":440,"minecraft:swim_one_cm":11166,"minecraft:interact_with_crafting_table":13,"minecraft:fly_one_cm":71462,"minecraft:open_chest":3,"minecraft:play_time":19473,"minecraft:sneak_time":49,"minecraft:walk_under_water_one_cm":6037,"minecraft:jump":352,"minecraft:walk_on_water_one_cm":3634,"minecraft:time_since_death":19473,"minecraft:sleep_in_bed":1,"minecraft:total_world_time":19473,"minecraft:fall_one_cm":10351},"minecraft:picked_up":{"minecraft:salmon":8,"minecraft:leather":2,"minecraft:oak_log":10,"minecraft:ink_sac":3,"minecraft:white_bed":1,"minecraft:dirt":2,"minecraft:cooked_salmon":4,"minecraft:cooked_mutton":2,"minecraft:wheat_seeds":20,"minecraft:beef":2,"minecraft:bone_meal":1,"minecraft:sugar_cane":35,"minecraft:coal":1,"minecraft:white_wool":3,"minecraft:cobblestone":42,"minecraft:egg":3},"minecraft:mined":{"minecraft:tall_seagrass":4,"minecraft:white_bed":1,"minecraft:short_grass":263,"minecraft:coal_ore":1,"minecraft:grass_block":2,"minecraft:oak_log":10,"minecraft:tall_grass":10,"minecraft:stone":45,"minecraft:sugar_cane":14,"minecraft:oak_leaves":4},"minecraft:crafted":{"minecraft:cooked_beef":2,"minecraft:oak_planks":40,"minecraft:stick":8,"minecraft:wooden_pickaxe":1,"minecraft:stone_pickaxe":1,"minecraft:stone_sword":1,"minecraft:chest":2,"minecraft:furnace":1,"minecraft:white_bed":1,"minecraft:stone_axe":1,"minecraft:cooked_mutton":2,"minecraft:air":0},"minecraft:dropped":{"minecraft:cooked_mutton":2},"minecraft:used":{"minecraft:stone_sword":16,"minecraft:stone_pickaxe":39,"minecraft:chest":2,"minecraft:wooden_pickaxe":9,"minecraft:cooked_salmon":1,"minecraft:stone_axe":6,"minecraft:furnace":1,"minecraft:white_bed":1,"minecraft:cooked_beef":2}},"DataVersion":3955}