{"stats":{"minecraft:custom":{"minecraft:time_since_rest":7473,"minecraft:play_time":7473,"minecraft:sprint_one_cm":12247,"minecraft:damage_taken":40,"minecraft:walk_one_cm":21124,"minecraft:walk_under_water_one_cm":116,"minecraft:jump":168,"minecraft:time_since_death":7473,"minecraft:walk_on_water_one_cm":1277,"minecraft:total_world_time":7473,"minecraft:interact_with_crafting_table":8,"minecraft:fall_one_cm":5370,"minecraft:fly_one_cm":28775},"minecraft:picked_up":{"minecraft:oak_log":4,"minecraft:sugar_cane":22,"minecraft:dirt":2,"minecraft:cobblestone":28},"minecraft:mined":{"minecraft:short_grass":10,"minecraft:grass_block":2,"minecraft:oak_log":4,"minecraft:tall_grass":2,"minecraft:stone":29,"minecraft:sugar_cane":9,"minecraft:oak_leaves":4},"minecraft:crafted":{"minecraft:stone_sword":1,"minecraft:oak_planks":16,"minecraft:stone_axe":1,"minecraft:stick":8,"minecraft:stone_pickaxe":1,"minecraft:wooden_pickaxe":1},"minecraft:used":{"minecraft:stone_pickaxe":22,"minecraft:wooden_pickaxe":9}},"DataVersion":3955}