{"stats":{"minecraft:killed":{"minecraft:sheep":11,"minecraft:trader_llama":2,"minecraft:pig":7,"minecraft:salmon":8,"minecraft:wandering_trader":1,"minecraft:cow":13},"minecraft:custom":{"minecraft:time_since_rest":8045,"minecraft:interact_with_furnace":14,"minecraft:sprint_one_cm":84792,"minecraft:damage_taken":220,"minecraft:walk_one_cm":90920,"minecraft:mob_kills":42,"minecraft:drop":1,"minecraft:animals_bred":2,"minecraft:damage_dealt":3780,"minecraft:talked_to_villager":1,"minecraft:swim_one_cm":11166,"minecraft:interact_with_crafting_table":13,"minecraft:fly_one_cm":168224,"minecraft:open_chest":5,"minecraft:crouch_one_cm":593,"minecraft:play_time":31473,"minecraft:sneak_time":248,"minecraft:walk_under_water_one_cm":6925,"minecraft:jump":823,"minecraft:walk_on_water_one_cm":7238,"minecraft:time_since_death":31473,"minecraft:sleep_in_bed":2,"minecraft:total_world_time":31473,"minecraft:fall_one_cm":23476},"minecraft:picked_up":{"minecraft:raw_iron":3,"minecraft:salmon":8,"minecraft:leather":12,"minecraft:lead":2,"minecraft:porkchop":15,"minecraft:oak_log":10,"minecraft:ink_sac":3,"minecraft:white_bed":2,"minecraft:dirt":2,"minecraft:cooked_salmon":4,"minecraft:cooked_mutton":2,"minecraft:wheat_seeds":24,"minecraft:beef":25,"minecraft:bone_meal":1,"minecraft:mutton":19,"minecraft:sugar_cane":35,"minecraft:coal":6,"minecraft:white_wool":14,"minecraft:cobblestone":45,"minecraft:egg":4},"minecraft:mined":{"minecraft:tall_seagrass":4,"minecraft:white_bed":2,"minecraft:iron_ore":3,"minecraft:short_grass":281,"minecraft:coal_ore":6,"minecraft:grass_block":2,"minecraft:oak_log":10,"minecraft:tall_grass":15,"minecraft:stone":48,"minecraft:sugar_cane":14,"minecraft:oak_leaves":4},"minecraft:crafted":{"minecraft:cooked_beef":2,"minecraft:oak_planks":40,"minecraft:stick":8,"minecraft:wooden_pickaxe":1,"minecraft:stone_pickaxe":1,"minecraft:stone_sword":1,"minecraft:chest":2,"minecraft:furnace":1,"minecraft:white_bed":1,"minecraft:cooked_salmon":4,"minecraft:stone_axe":1,"minecraft:cooked_mutton":5,"minecraft:air":0},"minecraft:dropped":{"minecraft:cooked_mutton":2},"minecraft:used":{"minecraft:stone_sword":44,"minecraft:stone_pickaxe":50,"minecraft:chest":2,"minecraft:wooden_pickaxe":9,"minecraft:cooked_salmon":3,"minecraft:stone_axe":33,"minecraft:cobblestone":9,"minecraft:furnace":1,"minecraft:white_bed":2,"minecraft:cooked_beef":2}},"DataVersion":3955}