{"stats":{"minecraft:killed":{"minecraft:pig":4,"minecraft:sheep":8,"minecraft:chicken":4,"minecraft:cow":4},"minecraft:custom":{"minecraft:interact_with_furnace":33,"minecraft:mob_kills":20,"minecraft:animals_bred":1,"minecraft:interact_with_crafting_table":8,"minecraft:time_since_death":35726,"minecraft:sleep_in_bed":3,"minecraft:time_since_rest":8045,"minecraft:sprint_one_cm":35777,"minecraft:damage_taken":40,"minecraft:walk_one_cm":109454,"minecraft:drop":5,"minecraft:damage_dealt":1600,"minecraft:swim_one_cm":769,"minecraft:fly_one_cm":66158,"minecraft:open_chest":6,"minecraft:crouch_one_cm":536,"minecraft:play_time":35726,"minecraft:sneak_time":135,"minecraft:walk_under_water_one_cm":1257,"minecraft:jump":406,"minecraft:walk_on_water_one_cm":2517,"minecraft:total_world_time":35726,"minecraft:fall_one_cm":9654},"minecraft:picked_up":{"minecraft:feather":1,"minecraft:chicken":4,"minecraft:leather":3,"minecraft:oak_log":14,"minecraft:dirt":4,"minecraft:raw_copper":16,"minecraft:bone":1,"minecraft:wheat_seeds":3,"minecraft:beef":5,"minecraft:oak_planks":8,"minecraft:egg":10,"minecraft:porkchop":7,"minecraft:white_bed":1,"minecraft:arrow":1,"minecraft:black_wool":3,"minecraft:mutton":12,"minecraft:coal":20,"minecraft:white_wool":8,"minecraft:cobblestone":54},"minecraft:mined":{"minecraft:white_bed":1,"minecraft:short_grass":32,"minecraft:grass_block":3,"minecraft:copper_ore":4,"minecraft:tall_grass":13,"minecraft:cobblestone":3,"minecraft:oak_planks":8,"minecraft:black_wool":2,"minecraft:oak_log":14,"minecraft:coal_ore":20,"minecraft:dirt":1,"minecraft:stone":50,"minecraft:white_wool":1,"minecraft:oak_leaves":2},"minecraft:crafted":{"minecraft:cooked_beef":5,"minecraft:oak_door":3,"minecraft:oak_planks":56,"minecraft:cooked_porkchop":7,"minecraft:crafting_table":1,"minecraft:wooden_pickaxe":1,"minecraft:cooked_chicken":4,"minecraft:furnace":1,"minecraft:cooked_salmon":4,"minecraft:stone_axe":1,"minecraft:cooked_mutton":7,"minecraft:air":0,"minecraft:stick":16,"minecraft:stone_pickaxe":1,"minecraft:cobblestone_wall":6,"minecraft:white_bed":1,"minecraft:oak_fence":9},"minecraft:dropped":{"minecraft:wheat_seeds":1,"minecraft:cooked_salmon":4,"minecraft:white_wool":3},"minecraft:used":{"minecraft:oak_fence":9,"minecraft:stone_pickaxe":61,"minecraft:oak_planks":26,"minecraft:wooden_pickaxe":16,"minecraft:cooked_chicken":1,"minecraft:oak_door":1,"minecraft:white_wool":1,"minecraft:dirt":4,"minecraft:crafting_table":1,"minecraft:cobblestone_wall":6,"minecraft:white_bed":2,"minecraft:black_wool":2,"minecraft:stone_axe":50,"minecraft:cobblestone":34,"minecraft:furnace":1,"minecraft:egg":4,"minecraft:cooked_beef":1}},"DataVersion":3955}