{"stats":{"minecraft:killed":{"minecraft:sheep":8,"minecraft:pig":4,"minecraft:chicken":4,"minecraft:cow":4},"minecraft:custom":{"minecraft:time_since_rest":11726,"minecraft:sprint_one_cm":26692,"minecraft:damage_taken":20,"minecraft:walk_one_cm":43518,"minecraft:mob_kills":20,"minecraft:animals_bred":1,"minecraft:damage_dealt":1600,"minecraft:swim_one_cm":769,"minecraft:interact_with_crafting_table":4,"minecraft:fly_one_cm":47768,"minecraft:crouch_one_cm":520,"minecraft:play_time":11726,"minecraft:sneak_time":112,"minecraft:walk_under_water_one_cm":353,"minecraft:jump":212,"minecraft:time_since_death":11726,"minecraft:walk_on_water_one_cm":541,"minecraft:total_world_time":11726,"minecraft:fall_one_cm":4569},"minecraft:picked_up":{"minecraft:feather":1,"minecraft:chicken":4,"minecraft:leather":3,"minecraft:porkchop":7,"minecraft:oak_log":14,"minecraft:dirt":3,"minecraft:raw_copper":16,"minecraft:wheat_seeds":2,"minecraft:beef":5,"minecraft:black_wool":1,"minecraft:mutton":12,"minecraft:white_wool":7,"minecraft:cobblestone":16,"minecraft:egg":8},"minecraft:mined":{"minecraft:short_grass":29,"minecraft:grass_block":2,"minecraft:oak_log":14,"minecraft:dirt":1,"minecraft:tall_grass":13,"minecraft:copper_ore":4,"minecraft:stone":16,"minecraft:oak_leaves":2},"minecraft:crafted":{"minecraft:oak_planks":32,"minecraft:crafting_table":1,"minecraft:stick":16,"minecraft:wooden_pickaxe":1,"minecraft:stone_pickaxe":1,"minecraft:cobblestone_wall":6,"minecraft:oak_fence":9,"minecraft:stone_axe":1},"minecraft:used":{"minecraft:oak_fence":9,"minecraft:stone_pickaxe":4,"minecraft:wooden_pickaxe":16,"minecraft:stone_axe":42,"minecraft:dirt":3,"minecraft:crafting_table":1,"minecraft:cobblestone_wall":6,"minecraft:egg":2}},"DataVersion":3955}