{"stats":{"minecraft:mined":{"minecraft:white_bed":2,"minecraft:dandelion":1,"minecraft:crafting_table":3,"gravestone:gravestone":2,"minecraft:grass_block":5,"minecraft:spruce_leaves":1,"minecraft:sugar_cane":34,"minecraft:large_fern":2,"minecraft:hay_block":13,"minecraft:sweet_berry_bush":36,"minecraft:spruce_log":7,"minecraft:pumpkin":9,"minecraft:grass":8,"minecraft:oak_log":8,"minecraft:coal_ore":7,"minecraft:dirt":7,"minecraft:stone":9,"minecraft:oak_leaves":2,"minecraft:fern":5},"minecraft:crafted":{"minecraft:oak_planks":32,"minecraft:crafting_table":1,"minecraft:wooden_pickaxe":1,"minecraft:stone_axe":1,"minecraft:oak_boat":1,"minecraft:stick":8,"minecraft:stone_pickaxe":1,"minecraft:white_bed":1},"minecraft:picked_up":{"minecraft:crafting_table":3,"minecraft:feather":5,"minecraft:chicken":5,"minecraft:leather":2,"minecraft:oak_log":8,"minecraft:string":2,"minecraft:dirt":28,"minecraft:bone":1,"minecraft:wheat_seeds":2,"minecraft:beef":4,"minecraft:oak_boat":4,"minecraft:sugar_cane":69,"minecraft:stick":1,"minecraft:pumpkin":9,"minecraft:sweet_berries":81,"minecraft:dandelion":1,"sophisticatedbackpacks:backpack":1,"minecraft:white_bed":2,"minecraft:spruce_log":6,"minecraft:spider_eye":1,"minecraft:arrow":2,"minecraft:rotten_flesh":4,"minecraft:hay_block":12,"minecraft:white_wool":10,"minecraft:black_wool":2,"minecraft:mutton":19,"minecraft:coal":7,"alexsmobs:lobster_tail":9,"minecraft:cobblestone":9},"minecraft:custom":{"minecraft:mob_kills":39,"minecraft:interact_with_crafting_table":4,"minecraft:open_barrel":1,"minecraft:bell_ring":1,"minecraft:damage_dealt_resisted":95,"minecraft:time_since_death":22178,"minecraft:sleep_in_bed":2,"minecraft:climb_one_cm":1428,"minecraft:time_since_rest":9240,"minecraft:sprint_one_cm":112102,"minecraft:damage_taken":805,"minecraft:walk_one_cm":85123,"minecraft:damage_dealt":3551,"minecraft:swim_one_cm":9495,"minecraft:fly_one_cm":116230,"minecraft:open_chest":3,"minecraft:play_time":29725,"minecraft:deaths":2,"minecraft:sneak_time":9,"minecraft:walk_under_water_one_cm":7299,"minecraft:boat_one_cm":270960,"minecraft:jump":555,"minecraft:walk_on_water_one_cm":6674,"minecraft:total_world_time":29725,"minecraft:interact_with_smoker":1,"minecraft:fall_one_cm":14094},"minecraft:killed_by":{"minecraft:skeleton":2},"minecraft:killed":{"alexsmobs:lobster":10,"minecraft:spider":1,"mutationcraft:miter":2,"minecraft:sheep":12,"minecraft:skeleton":2,"minecraft:zombie":4,"minecraft:chicken":6,"minecraft:cow":2},"minecraft:used":{"minecraft:stone_pickaxe":8,"minecraft:wooden_pickaxe":18,"minecraft:iron_sword":98,"minecraft:dirt":2,"minecraft:crafting_table":3,"minecraft:white_bed":2,"minecraft:bread":1,"minecraft:stone_axe":65,"minecraft:sweet_berries":29,"minecraft:oak_boat":4}},"DataVersion":3120}