{"stats":{"minecraft:mined":{"minecraft:white_bed":4,"minecraft:mossy_cobblestone":1,"minecraft:cobblestone_stairs":3,"minecraft:dandelion":1,"minecraft:crafting_table":6,"minecraft:ladder":3,"gravestone:gravestone":3,"minecraft:grass_block":6,"minecraft:cobblestone":3,"minecraft:spruce_leaves":1,"minecraft:sugar_cane":34,"minecraft:large_fern":2,"minecraft:hay_block":13,"minecraft:sweet_berry_bush":36,"minecraft:spruce_log":7,"minecraft:pumpkin":9,"minecraft:yellow_bed":3,"minecraft:grass":10,"minecraft:oak_log":8,"minecraft:coal_ore":25,"minecraft:cobblestone_slab":4,"minecraft:dirt":46,"minecraft:stone":71,"minecraft:oak_leaves":2,"minecraft:fern":5},"minecraft:crafted":{"minecraft:oak_planks":32,"minecraft:cobblestone_slab":48,"minecraft:crafting_table":1,"minecraft:wooden_pickaxe":1,"minecraft:stone_axe":1,"minecraft:oak_trapdoor":2,"minecraft:oak_boat":1,"minecraft:stick":8,"minecraft:stone_pickaxe":1,"minecraft:white_bed":1},"minecraft:picked_up":{"minecraft:crafting_table":6,"minecraft:feather":5,"minecraft:chicken":5,"minecraft:ladder":3,"minecraft:leather":2,"minecraft:oak_log":8,"minecraft:yellow_bed":3,"minecraft:cobblestone_stairs":3,"minecraft:string":2,"minecraft:dirt":68,"minecraft:bone":1,"minecraft:wheat_seeds":3,"minecraft:beef":4,"minecraft:oak_boat":4,"minecraft:cobblestone_slab":4,"minecraft:sugar_cane":69,"mutationcraft:necroptor_membrane":1,"minecraft:stick":1,"minecraft:pumpkin":9,"minecraft:sweet_berries":81,"minecraft:dandelion":1,"sophisticatedbackpacks:backpack":1,"minecraft:porkchop":2,"minecraft:white_bed":4,"minecraft:spruce_log":6,"minecraft:spider_eye":1,"minecraft:mossy_cobblestone":1,"minecraft:arrow":2,"minecraft:rotten_flesh":4,"minecraft:hay_block":12,"minecraft:white_wool":10,"minecraft:black_wool":2,"minecraft:mutton":19,"minecraft:coal":25,"alexsmobs:lobster_tail":9,"minecraft:cobblestone":74},"minecraft:custom":{"minecraft:mob_kills":41,"minecraft:interact_with_crafting_table":11,"minecraft:open_barrel":1,"minecraft:bell_ring":1,"minecraft:damage_dealt_resisted":95,"minecraft:time_since_death":12895,"minecraft:sleep_in_bed":3,"minecraft:climb_one_cm":13569,"minecraft:time_since_rest":12922,"minecraft:sprint_one_cm":138797,"minecraft:damage_taken":1013,"minecraft:walk_one_cm":159943,"minecraft:damage_dealt":3712,"minecraft:swim_one_cm":9720,"minecraft:fly_one_cm":146596,"minecraft:open_chest":5,"minecraft:crouch_one_cm":2721,"minecraft:play_time":53725,"minecraft:deaths":3,"minecraft:sneak_time":1057,"minecraft:walk_under_water_one_cm":8011,"minecraft:boat_one_cm":270960,"minecraft:jump":838,"minecraft:walk_on_water_one_cm":6933,"minecraft:total_world_time":53725,"minecraft:interact_with_smoker":1,"minecraft:fall_one_cm":19824},"minecraft:killed_by":{"mutationcraft:necroptor":1,"minecraft:skeleton":2},"minecraft:killed":{"alexsmobs:lobster":10,"minecraft:pig":1,"minecraft:spider":1,"mutationcraft:miter":2,"minecraft:sheep":12,"minecraft:skeleton":2,"mutationcraft:necroptor":1,"minecraft:zombie":4,"minecraft:chicken":6,"minecraft:cow":2},"minecraft:used":{"minecraft:oak_trapdoor":2,"minecraft:cobblestone_stairs":3,"minecraft:stone_pickaxe":100,"minecraft:ladder":1,"minecraft:wooden_pickaxe":18,"minecraft:iron_sword":104,"minecraft:cobblestone_slab":47,"minecraft:mossy_cobblestone":1,"minecraft:dirt":43,"minecraft:crafting_table":7,"minecraft:white_bed":5,"minecraft:bread":1,"minecraft:stone_axe":65,"minecraft:sweet_berries":32,"minecraft:yellow_bed":3,"minecraft:oak_boat":4}},"DataVersion":3120}