{"stats":{"minecraft:mined":{"minecraft:sweet_berry_bush":11,"minecraft:spruce_log":7,"minecraft:crafting_table":1,"minecraft:grass_block":3,"minecraft:oak_log":8,"minecraft:dirt":7,"minecraft:spruce_leaves":1,"minecraft:stone":8,"minecraft:sugar_cane":6,"minecraft:fern":2},"minecraft:crafted":{"minecraft:oak_planks":32,"minecraft:crafting_table":1,"minecraft:stick":8,"minecraft:wooden_pickaxe":1,"minecraft:stone_pickaxe":1,"minecraft:stone_axe":1},"minecraft:picked_up":{"minecraft:stick":1,"minecraft:crafting_table":1,"minecraft:feather":5,"minecraft:chicken":5,"minecraft:sweet_berries":22,"minecraft:oak_log":8,"minecraft:spruce_log":6,"minecraft:dirt":26,"minecraft:spider_eye":1,"minecraft:string":2,"minecraft:rotten_flesh":3,"minecraft:wheat_seeds":1,"minecraft:sugar_cane":10,"minecraft:black_wool":1,"minecraft:mutton":6,"minecraft:white_wool":3,"minecraft:cobblestone":8},"minecraft:custom":{"minecraft:time_since_rest":5725,"minecraft:sprint_one_cm":40814,"minecraft:damage_taken":155,"minecraft:walk_one_cm":13718,"minecraft:mob_kills":13,"minecraft:damage_dealt":1290,"minecraft:interact_with_crafting_table":2,"minecraft:swim_one_cm":1371,"minecraft:fly_one_cm":28868,"minecraft:play_time":5725,"minecraft:walk_under_water_one_cm":927,"minecraft:jump":122,"minecraft:time_since_death":5725,"minecraft:walk_on_water_one_cm":586,"minecraft:total_world_time":5725,"minecraft:fall_one_cm":2763},"minecraft:killed":{"minecraft:sheep":4,"minecraft:zombie":2,"minecraft:chicken":6,"minecraft:spider":1},"minecraft:used":{"minecraft:wooden_pickaxe":18,"minecraft:stone_axe":33,"minecraft:dirt":2,"minecraft:sweet_berries":5,"minecraft:crafting_table":1}},"DataVersion":3120}