{"stats":{"minecraft:used":{"minecraft:dirt":1,"minecraft:sweet_berries":2},"minecraft:custom":{"minecraft:jump":145,"minecraft:time_since_rest":4528,"minecraft:walk_on_water_one_cm":760,"minecraft:sprint_one_cm":25308,"minecraft:play_time":4528,"minecraft:damage_taken":40,"minecraft:time_since_death":4528,"minecraft:walk_one_cm":7414,"minecraft:total_world_time":4528,"minecraft:walk_under_water_one_cm":880,"minecraft:swim_one_cm":1782,"minecraft:fall_one_cm":3058,"minecraft:fly_one_cm":32088},"minecraft:picked_up":{"minecraft:sweet_berries":2,"minecraft:dirt":1},"minecraft:mined":{"minecraft:sweet_berry_bush":1,"minecraft:grass_block":1}},"DataVersion":3120}