{"stats":{"minecraft:mined":{"minecraft:white_bed":4,"minecraft:mossy_cobblestone":1,"minecraft:cobblestone_stairs":3,"minecraft:dandelion":1,"minecraft:crafting_table":3,"minecraft:ladder":1,"gravestone:gravestone":3,"minecraft:grass_block":5,"minecraft:cobblestone":3,"minecraft:spruce_leaves":1,"minecraft:sugar_cane":34,"minecraft:large_fern":2,"minecraft:hay_block":13,"minecraft:sweet_berry_bush":36,"minecraft:spruce_log":7,"minecraft:pumpkin":9,"minecraft:yellow_bed":3,"minecraft:grass":8,"minecraft:oak_log":8,"minecraft:coal_ore":7,"minecraft:cobblestone_slab":1,"minecraft:dirt":7,"minecraft:stone":9,"minecraft:oak_leaves":2,"minecraft:fern":5},"minecraft:crafted":{"minecraft:oak_planks":32,"minecraft:cobblestone_slab":6,"minecraft:crafting_table":1,"minecraft:wooden_pickaxe":1,"minecraft:stone_axe":1,"minecraft:oak_boat":1,"minecraft:stick":8,"minecraft:stone_pickaxe":1,"minecraft:white_bed":1},"minecraft:picked_up":{"minecraft:crafting_table":3,"minecraft:feather":5,"minecraft:chicken":5,"minecraft:ladder":1,"minecraft:leather":2,"minecraft:oak_log":8,"minecraft:yellow_bed":3,"minecraft:cobblestone_stairs":3,"minecraft:string":2,"minecraft:dirt":28,"minecraft:bone":1,"minecraft:wheat_seeds":2,"minecraft:beef":4,"minecraft:oak_boat":4,"minecraft:cobblestone_slab":1,"minecraft:sugar_cane":69,"mutationcraft:necroptor_membrane":1,"minecraft:stick":1,"minecraft:pumpkin":9,"minecraft:sweet_berries":81,"minecraft:dandelion":1,"sophisticatedbackpacks:backpack":1,"minecraft:porkchop":2,"minecraft:white_bed":4,"minecraft:spruce_log":6,"minecraft:spider_eye":1,"minecraft:mossy_cobblestone":1,"minecraft:arrow":2,"minecraft:rotten_flesh":4,"minecraft:hay_block":12,"minecraft:white_wool":10,"minecraft:black_wool":2,"minecraft:mutton":19,"minecraft:coal":7,"alexsmobs:lobster_tail":9,"minecraft:cobblestone":12},"minecraft:custom":{"minecraft:mob_kills":40,"minecraft:interact_with_crafting_table":7,"minecraft:open_barrel":1,"minecraft:bell_ring":1,"minecraft:damage_dealt_resisted":95,"minecraft:time_since_death":895,"minecraft:sleep_in_bed":3,"minecraft:climb_one_cm":10416,"minecraft:time_since_rest":922,"minecraft:sprint_one_cm":129857,"minecraft:damage_taken":1003,"minecraft:walk_one_cm":120917,"minecraft:damage_dealt":3648,"minecraft:swim_one_cm":9720,"minecraft:fly_one_cm":137750,"minecraft:open_chest":5,"minecraft:crouch_one_cm":2721,"minecraft:play_time":41725,"minecraft:deaths":3,"minecraft:sneak_time":1034,"minecraft:walk_under_water_one_cm":8011,"minecraft:boat_one_cm":270960,"minecraft:jump":712,"minecraft:walk_on_water_one_cm":6933,"minecraft:total_world_time":41725,"minecraft:interact_with_smoker":1,"minecraft:fall_one_cm":18444},"minecraft:killed_by":{"mutationcraft:necroptor":1,"minecraft:skeleton":2},"minecraft:killed":{"alexsmobs:lobster":10,"minecraft:pig":1,"minecraft:spider":1,"mutationcraft:miter":2,"minecraft:sheep":12,"minecraft:skeleton":2,"minecraft:zombie":4,"minecraft:chicken":6,"minecraft:cow":2},"minecraft:used":{"minecraft:cobblestone_stairs":3,"minecraft:stone_pickaxe":16,"minecraft:ladder":1,"minecraft:wooden_pickaxe":18,"minecraft:iron_sword":102,"minecraft:cobblestone_slab":6,"minecraft:mossy_cobblestone":1,"minecraft:dirt":7,"minecraft:crafting_table":4,"minecraft:white_bed":5,"minecraft:bread":1,"minecraft:stone_axe":65,"minecraft:sweet_berries":32,"minecraft:yellow_bed":3,"minecraft:oak_boat":4}},"DataVersion":3120}