{"stats":{"minecraft:mined":{"minecraft:large_fern":2,"minecraft:white_bed":1,"minecraft:sweet_berry_bush":35,"minecraft:spruce_log":7,"minecraft:pumpkin":9,"minecraft:crafting_table":3,"gravestone:gravestone":2,"minecraft:grass":2,"minecraft:coal_ore":7,"minecraft:grass_block":4,"minecraft:oak_log":8,"minecraft:dirt":7,"minecraft:spruce_leaves":1,"minecraft:stone":9,"minecraft:sugar_cane":24,"minecraft:oak_leaves":2,"minecraft:fern":5},"minecraft:crafted":{"minecraft:oak_boat":1,"minecraft:oak_planks":32,"minecraft:crafting_table":1,"minecraft:stick":8,"minecraft:wooden_pickaxe":1,"minecraft:stone_pickaxe":1,"minecraft:white_bed":1,"minecraft:stone_axe":1},"minecraft:picked_up":{"minecraft:stick":1,"minecraft:crafting_table":3,"minecraft:pumpkin":9,"minecraft:feather":5,"minecraft:chicken":5,"minecraft:sweet_berries":81,"sophisticatedbackpacks:backpack":1,"minecraft:oak_log":8,"minecraft:white_bed":1,"minecraft:spruce_log":6,"minecraft:dirt":27,"minecraft:spider_eye":1,"minecraft:string":2,"minecraft:bone":1,"minecraft:arrow":2,"minecraft:rotten_flesh":4,"minecraft:wheat_seeds":1,"minecraft:oak_boat":1,"minecraft:sugar_cane":45,"minecraft:black_wool":1,"minecraft:mutton":6,"minecraft:coal":7,"minecraft:white_wool":3,"minecraft:cobblestone":9},"minecraft:custom":{"minecraft:time_since_rest":10204,"minecraft:sprint_one_cm":72219,"minecraft:damage_taken":765,"minecraft:walk_one_cm":56638,"minecraft:mob_kills":18,"minecraft:damage_dealt":2152,"minecraft:interact_with_crafting_table":4,"minecraft:swim_one_cm":6091,"minecraft:fly_one_cm":53336,"minecraft:open_barrel":1,"minecraft:open_chest":2,"minecraft:play_time":17725,"minecraft:deaths":2,"minecraft:walk_under_water_one_cm":1161,"minecraft:boat_one_cm":129053,"minecraft:damage_dealt_resisted":95,"minecraft:jump":298,"minecraft:time_since_death":10178,"minecraft:walk_on_water_one_cm":2468,"minecraft:interact_with_smoker":1,"minecraft:sleep_in_bed":1,"minecraft:climb_one_cm":1428,"minecraft:total_world_time":17725,"minecraft:fall_one_cm":6477},"minecraft:killed_by":{"minecraft:skeleton":2},"minecraft:killed":{"minecraft:skeleton":2,"minecraft:sheep":4,"minecraft:zombie":4,"minecraft:chicken":6,"minecraft:spider":1,"mutationcraft:miter":1},"minecraft:used":{"minecraft:bread":1,"minecraft:stone_pickaxe":8,"minecraft:wooden_pickaxe":18,"minecraft:iron_sword":47,"minecraft:stone_axe":65,"minecraft:dirt":2,"minecraft:sweet_berries":23,"minecraft:crafting_table":3,"minecraft:oak_boat":2,"minecraft:white_bed":1}},"DataVersion":3120}